{"cameraMode":{"drawMode":0,"name":"Shaded","section":"Shading Mode"},"sceneLighting":true,"audioPlay":false,"sceneViewState":{"showFog":true,"showMaterialUpdate":false,"showSkybox":true,"showFlares":true,"showImageEffects":true,"showParticleSystems":true},"in2DMode":false,"pivot":{"x":27.756105422973634,"y":4.823742866516113,"z":-37.9315071105957},"rotation":{"x":-0.014615554362535477,"y":-0.9530767202377319,"z":0.04664446413516998,"w":-0.29888981580734255},"size":55.93909454345703,"orthographic":false}